store,brand,week,logmove,feature,price
2,tropicana,40,9.018695488,0,3.87
2,tropicana,46,8.723231275,0,3.87
2,tropicana,47,8.253227646,0,3.87
2,tropicana,48,8.987196821,0,3.87
2,tropicana,50,9.093357017,0,3.87
2,tropicana,51,8.877381955,0,3.87
2,tropicana,52,9.29468152,0,3.29
2,tropicana,53,8.954673629,0,3.29
2,tropicana,54,9.049232212,0,3.29
2,tropicana,57,8.61323038,0,3.29
2,tropicana,58,8.68067166,0,3.56
2,tropicana,59,9.034080407,0,3.56
2,tropicana,60,8.691482577,0,3.56
2,tropicana,61,8.831711918,0,3.56
2,tropicana,62,9.128696383,0,3.87
2,tropicana,63,9.405907156,0,2.99
2,tropicana,64,9.447150114,0,2.99
2,tropicana,65,8.783855897,0,3.59
2,tropicana,66,8.723231275,0,3.59
2,tropicana,67,9.957975738,0,2.39
2,tropicana,68,9.426741242,0,2.39
2,tropicana,69,9.156095357,0,3.59
2,tropicana,70,9.793672687,0,2.59
2,tropicana,71,9.14931567,0,2.59
2,tropicana,72,8.743850562,0,3.59
2,tropicana,73,8.841014311,0,3.59
2,tropicana,74,9.727227587,0,2.49
2,tropicana,75,8.743850562,0,3.59
2,tropicana,76,8.979164649,0,3.59
2,tropicana,77,8.723231275,0,3.59
2,tropicana,78,8.979164649,0,3.59
2,tropicana,79,8.962904128,0,3.59
2,tropicana,80,8.712759975,0,3.59
2,tropicana,81,10.64960662,1,1.69
2,tropicana,82,8.502688505,0,3.59
2,tropicana,83,10.29228113,1,1.99
2,tropicana,84,9.208739091,0,3.59
2,tropicana,85,10.46880136,1,1.99
2,tropicana,86,10.08313888,0,1.99
2,tropicana,87,8.868413285,0,3.59
2,tropicana,88,10.10691807,1,2.29
2,tropicana,89,8.754002934,0,3.59
2,tropicana,90,8.712759975,0,3.59
2,tropicana,91,10.42037477,0,1.99
2,tropicana,92,9.491601877,0,1.99
2,tropicana,93,8.733594062,0,3.59
2,tropicana,94,9.270870872,0,3.59
2,tropicana,95,10.70710219,0,1.99
2,tropicana,97,9.908276069,0,1.99
2,tropicana,98,9.121727714,1,3.59
2,tropicana,99,9.996613531,0,2.19
2,tropicana,100,9.515469358,0,2.19
2,tropicana,103,8.333270353,0,3.59
2,tropicana,104,10.58213005,1,1.99
2,tropicana,105,8.636219898,0,3.59
2,tropicana,106,9.107642974,1,2.68
2,tropicana,107,8.702177866,0,3.44
2,tropicana,108,8.954673629,0,3.14
2,tropicana,109,8.822322178,0,3.07
2,tropicana,110,8.822322178,0,3.07
2,tropicana,111,8.743850562,0,3.07
2,tropicana,112,8.577723691,0,3.07
2,tropicana,113,9.128696383,0,3.11
2,tropicana,114,8.895081532,0,3.19
2,tropicana,115,10.44114983,1,1.99
2,tropicana,116,8.877381955,0,2.64
2,tropicana,117,8.712759975,0,3.19
2,tropicana,118,8.540909718,0,3.19
2,tropicana,119,9.026417534,0,2.74
2,tropicana,120,9.78290059,0,2.39
2,tropicana,121,9.481893063,0,2.35
2,tropicana,122,9.481893063,0,2.29
2,tropicana,123,9.189321005,0,2.43
2,tropicana,124,8.166216269,0,3.19
2,tropicana,125,8.61323038,0,3.19
2,tropicana,126,8.812843434,0,3.19
2,tropicana,127,9.914625297,1,1.99
2,tropicana,128,8.528330936,0,3.19
2,tropicana,129,10.68244539,1,1.99
2,tropicana,130,10.15533517,0,1.79
2,tropicana,131,10.36747311,0,1.79
2,tropicana,132,9.939626599,0,1.91
2,tropicana,133,9.626943225,0,2.81
2,tropicana,134,10.2433825,1,2.5
2,tropicana,135,9.426741242,0,2.58
2,tropicana,136,8.589699882,0,3.19
2,tropicana,137,9.189321005,0,2.67
2,tropicana,138,9.738612909,1,2.39
2,tropicana,139,9.026417534,0,3.19
2,tropicana,140,8.841014311,0,3.19
2,tropicana,141,8.850230966,0,3.19
2,tropicana,142,8.886270902,0,3.19
2,tropicana,143,10.84972536,1,2.49
2,tropicana,144,10.01108556,0,2.21
2,tropicana,145,10.73952222,1,1.99
2,tropicana,146,8.378390789,1,3.19
2,tropicana,147,9.757305042,0,2.69
2,tropicana,148,8.647519453,0,3.19
2,tropicana,149,8.831711918,0,3.19
2,tropicana,150,8.392989588,0,3.19
2,tropicana,151,8.449342525,0,3.16
2,tropicana,152,8.877381955,1,3.09
2,tropicana,153,8.528330936,0,3.19
2,tropicana,154,9.501217335,1,2.79
2,tropicana,155,9.00307017,0,2.75
2,tropicana,156,9.875910785,1,2.49
2,tropicana,157,9.215128889,0,2.64
2,tropicana,158,8.754002934,0,3.19
2,tropicana,159,9.692272572,1,2.79
2,tropicana,160,8.66974259,0,2.97
2,minute.maid,40,8.407378325,0,3.17
2,minute.maid,46,8.449342525,0,3.17
2,minute.maid,47,9.911455722,1,2.39
2,minute.maid,48,7.896552702,0,3.17
2,minute.maid,50,8.009030685,0,3.17
2,minute.maid,51,8.449342525,0,3.17
2,minute.maid,52,7.920083199,0,3.17
2,minute.maid,53,10.17259824,1,2.19
2,minute.maid,54,8.219326094,0,3.17
2,minute.maid,57,10.33058368,1,1.99
2,minute.maid,58,8.253227646,0,2.98
2,minute.maid,59,7.943072717,0,3.17
2,minute.maid,60,10.04776104,1,1.99
2,minute.maid,61,8.129174997,0,3.17
2,minute.maid,62,10.1774763,1,1.99
2,minute.maid,63,8.754002934,0,1.99
2,minute.maid,64,9.2023082,0,3.17
2,minute.maid,65,10.13776885,1,1.99
2,minute.maid,66,9.605620455,0,1.99
2,minute.maid,67,9.416378455,0,1.99
2,minute.maid,68,8.743850562,0,1.99
2,minute.maid,69,9.121727714,0,1.99
2,minute.maid,70,8.333270353,0,2.59
2,minute.maid,71,9.227787286,0,2.59
2,minute.maid,72,10.27698028,1,1.99
2,minute.maid,73,8.868413285,0,2.59
2,minute.maid,74,8.921057018,0,2.49
2,minute.maid,75,8.348537825,0,2.49
2,minute.maid,76,9.100525506,0,2.49
2,minute.maid,77,10.01966931,1,1.99
2,minute.maid,78,8.253227646,0,2.59
2,minute.maid,79,9.472089062,0,2.59
2,minute.maid,80,11.15830555,1,1.69
2,minute.maid,81,9.964018052,0,1.69
2,minute.maid,82,8.647519453,1,2.59
2,minute.maid,83,8.946374826,0,2.09
2,minute.maid,84,8.754002934,0,2.09
2,minute.maid,85,9.056722883,0,2.09
2,minute.maid,86,9.622714888,0,2.09
2,minute.maid,87,11.24478455,1,1.39
2,minute.maid,88,8.528330936,0,2.39
2,minute.maid,89,8.462948177,0,2.39
2,minute.maid,90,8.407378325,0,2.39
2,minute.maid,91,8.30201781,0,2.39
2,minute.maid,92,9.601300794,1,1.79
2,minute.maid,93,9.400630098,0,2.39
2,minute.maid,94,10.64046021,1,1.69
2,minute.maid,95,9.264828557,0,1.69
2,minute.maid,97,8.348537825,0,2.39
2,minute.maid,98,7.965545573,0,2.39
2,minute.maid,99,8.286017468,0,2.39
2,minute.maid,100,8.219326094,0,2.39
2,minute.maid,103,7.943072717,0,2.39
2,minute.maid,104,8.363575703,0,2.39
2,minute.maid,105,9.811372264,1,1.99
2,minute.maid,106,8.903815212,0,1.95
2,minute.maid,107,8.962904128,0,1.83
2,minute.maid,108,9.510741217,0,1.79
2,minute.maid,109,9.215128889,0,1.91
2,minute.maid,110,11.81993947,1,1.69
2,minute.maid,111,8.528330936,0,2.39
2,minute.maid,112,10.23881628,0,1.49
2,minute.maid,113,8.462948177,0,2.39
2,minute.maid,114,8.962904128,0,2.14
2,minute.maid,115,9.431882642,0,1.99
2,minute.maid,116,9.17616292,0,1.99
2,minute.maid,117,8.877381955,0,2.06
2,minute.maid,118,8.407378325,0,2.39
2,minute.maid,119,8.691482577,0,2.22
2,minute.maid,120,9.984883191,1,1.99
2,minute.maid,121,9.395325046,0,1.99
2,minute.maid,122,8.859363449,0,2.12
2,minute.maid,123,9.234056899,1,2.49
2,minute.maid,124,8.831711918,1,2.49
2,minute.maid,125,8.286017468,0,2.61
2,minute.maid,126,8.68067166,0,2.26
2,minute.maid,127,8.733594062,0,1.99
2,minute.maid,128,11.18797065,1,1.99
2,minute.maid,129,9.351839934,0,2.11
2,minute.maid,130,8.66974259,0,2.35
2,minute.maid,131,9.872615889,1,1.99
2,minute.maid,132,9.162829389,0,2.1
2,minute.maid,133,8.577723691,0,2.28
2,minute.maid,134,9.583833101,1,1.9
2,minute.maid,135,9.426741242,0,2.12
2,minute.maid,136,8.589699882,0,2.79
2,minute.maid,137,9.852615222,1,2.09
2,minute.maid,138,8.269756948,0,2.79
2,minute.maid,139,8.754002934,0,2.79
2,minute.maid,140,8.60153434,0,2.79
2,minute.maid,141,10.01681624,1,2.09
2,minute.maid,142,8.286017468,0,2.84
2,minute.maid,143,8.090708716,0,2.89
2,minute.maid,144,8.378390789,0,2.89
2,minute.maid,145,8.407378325,0,2.89
2,minute.maid,146,8.253227646,0,2.52
2,minute.maid,147,9.496421163,1,2
2,minute.maid,148,8.236420527,1,2.33
2,minute.maid,149,8.476371197,0,2.89
2,minute.maid,150,10.12502982,1,2.29
2,minute.maid,151,8.42156296,0,2.86
2,minute.maid,152,8.286017468,1,2.81
2,minute.maid,153,10.81174611,1,1.99
2,minute.maid,154,10.06424493,1,1.94
2,minute.maid,155,9.852615222,0,1.69
2,minute.maid,156,9.357380115,0,1.81
2,minute.maid,157,10.19436452,1,1.99
2,minute.maid,158,8.269756948,0,2.83
2,minute.maid,159,8.219326094,0,2.67
2,minute.maid,160,10.62658181,1,2.19
2,dominicks,40,9.264828557,1,1.59
2,dominicks,46,8.987196821,0,2.69
2,dominicks,47,8.831711918,1,2.09
2,dominicks,48,7.965545573,0,2.09
2,dominicks,50,7.377758908,0,2.09
2,dominicks,51,10.1402973,1,1.89
2,dominicks,52,9.282847063,0,1.89
2,dominicks,53,8.803273983,0,1.89
2,dominicks,54,8.793612072,0,1.79
2,dominicks,57,7.454719949,0,2.69
2,dominicks,58,10.42797937,1,1.24
2,dominicks,59,7.560080465,0,1.59
2,dominicks,60,9.100525506,1,1.59
2,dominicks,61,9.340666634,0,1.29
2,dominicks,62,10.25470765,0,0.99
2,dominicks,63,9.749870064,1,1.59
2,dominicks,64,10.1871616,1,2.49
2,dominicks,65,8.754002934,0,2.69
2,dominicks,66,10.17990643,1,1.39
2,dominicks,67,6.797940413,0,2.69
2,dominicks,68,7.294377299,0,2.69
2,dominicks,69,7.203405521,0,2.69
2,dominicks,70,11.62339292,1,0.99
2,dominicks,71,7.526178913,0,2.69
2,dominicks,72,8.624791202,0,2.69
2,dominicks,73,10.37548918,1,1.49
2,dominicks,74,8.378390789,0,1.49
2,dominicks,75,6.556778356,0,2.69
2,dominicks,76,9.529521112,0,2.69
2,dominicks,77,10.67655436,1,1.09
2,dominicks,78,10.96127785,1,1.09
2,dominicks,79,6.556778356,0,2.69
2,dominicks,80,8.702177866,0,2.69
2,dominicks,81,9.246479419,1,1.59
2,dominicks,82,9.442086812,0,1.59
2,dominicks,83,8.754002934,0,1.59
2,dominicks,84,11.85464107,1,0.99
2,dominicks,85,6.866933285,1,2.69
2,dominicks,86,7.103322063,0,2.69
2,dominicks,87,7.416979621,0,2.69
2,dominicks,88,8.51559191,0,2.69
2,dominicks,89,10.23881628,1,1.59
2,dominicks,90,9.405907156,0,1.59
2,dominicks,91,7.714231145,0,2.69
2,dominicks,92,8.61323038,1,1.49
2,dominicks,93,9.086136769,0,1.29
2,dominicks,94,7.87245515,0,1.99
2,dominicks,95,9.252633284,0,1.99
2,dominicks,97,9.026417534,0,1.59
2,dominicks,98,8.822322178,0,1.99
2,dominicks,99,11.01112565,1,0.99
2,dominicks,100,9.933434629,0,0.99
2,dominicks,103,9.684336023,0,1.39
2,dominicks,104,9.431882642,0,1.39
2,dominicks,105,9.742379392,0,1.39
2,dominicks,106,9.505990614,1,1.59
2,dominicks,107,9.221478116,0,1.59
2,dominicks,108,9.114710141,0,1.56
2,dominicks,109,10.03661887,1,1.49
2,dominicks,110,8.850230966,0,1.65
2,dominicks,111,8.333270353,0,1.99
2,dominicks,112,8.110126802,0,1.83
2,dominicks,113,9.400630098,1,1.69
2,dominicks,114,8.733594062,0,1.76
2,dominicks,115,8.009030685,0,1.99
2,dominicks,116,9.875910785,1,1.5
2,dominicks,117,9.727227587,0,1.59
2,dominicks,118,9.515469358,1,1.59
2,dominicks,119,8.712759975,0,1.61
2,dominicks,120,9.252633284,1,1.69
2,dominicks,121,9.368369236,0,1.69
2,dominicks,122,8.30201781,0,1.76
2,dominicks,123,8.754002934,0,1.82
2,dominicks,124,9.520175249,0,1.47
2,dominicks,125,10.71708089,0,1.29
2,dominicks,126,9.208739091,0,1.39
2,dominicks,127,8.476371197,0,1.82
2,dominicks,128,9.373818841,0,1.69
2,dominicks,129,9.357380115,0,1.54
2,dominicks,130,10.84474403,1,1.39
2,dominicks,131,9.614204199,0,1.44
2,dominicks,132,10.33475035,0,1.59
2,dominicks,133,9.431882642,0,1.6
2,dominicks,134,8.090708716,0,1.99
2,dominicks,135,9.078864009,0,1.48
2,dominicks,136,11.16829202,1,1.29
2,dominicks,137,9.828764006,0,1.42
2,dominicks,138,9.121727714,0,1.99
2,dominicks,139,9.169518378,0,2
2,dominicks,140,8.476371197,0,2.09
2,dominicks,141,9.17616292,0,1.69
2,dominicks,142,10.726961,0,1.69
2,dominicks,143,9.951896692,0,1.74
2,dominicks,144,8.793612072,0,2.09
2,dominicks,145,8.51559191,0,2.05
2,dominicks,146,8.99516499,0,1.24
2,dominicks,147,8.903815212,0,1.61
2,dominicks,148,9.215128889,0,1.4
2,dominicks,149,9.221478116,0,1.91
2,dominicks,150,9.121727714,0,1.69
2,dominicks,151,10.49924239,1,1.49
2,dominicks,152,8.236420527,1,1.99
2,dominicks,153,8.110126802,0,1.97
2,dominicks,154,9.534161491,0,1.36
2,dominicks,155,9.107642974,0,1.19
2,dominicks,156,7.624618986,0,2.09
2,dominicks,157,7.592870288,0,2.09
2,dominicks,158,8.333270353,0,1.77
2,dominicks,159,10.47061789,0,1.49
2,dominicks,160,9.064157862,0,1.82
5,tropicana,40,8.68067166,0,3.66
5,tropicana,42,8.850230966,0,3.66
5,tropicana,43,8.783855897,0,3.66
5,tropicana,44,8.502688505,0,3.66
5,tropicana,46,8.577723691,0,3.66
5,tropicana,47,8.540909718,0,3.66
5,tropicana,48,8.979164649,0,3.66
5,tropicana,49,8.712759975,0,3.66
5,tropicana,50,8.333270353,0,3.66
5,tropicana,51,8.68067166,0,3.66
5,tropicana,52,9.162829389,0,3.29
5,tropicana,53,9.026417534,0,3.29
5,tropicana,54,8.987196821,0,3.29
5,tropicana,55,8.66974259,0,3.66
5,tropicana,56,9.270870872,1,3.29
5,tropicana,57,8.803273983,0,3.29
5,tropicana,58,8.553332238,0,3.51
5,tropicana,59,8.502688505,0,3.51
5,tropicana,60,8.68067166,0,3.51
5,tropicana,61,8.577723691,0,3.51
5,tropicana,62,9.208739091,0,3.66
5,tropicana,63,9.041685006,0,2.99
5,tropicana,64,9.29468152,0,2.99
5,tropicana,65,8.647519453,0,3.39
5,tropicana,66,8.647519453,0,3.39
5,tropicana,67,10.38541975,0,2.39
5,tropicana,68,9.282847063,0,2.39
5,tropicana,69,8.841014311,0,3.39
5,tropicana,70,9.505990614,0,2.59
5,tropicana,71,8.962904128,0,2.59
5,tropicana,72,8.565602331,0,3.39
5,tropicana,73,8.733594062,0,3.39
5,tropicana,74,9.973013615,0,2.49
5,tropicana,75,8.903815212,0,3.39
5,tropicana,76,8.812843434,0,3.39
5,tropicana,77,8.803273983,0,3.39
5,tropicana,78,8.702177866,0,3.39
5,tropicana,79,8.723231275,0,3.39
5,tropicana,80,8.502688505,0,3.39
5,tropicana,81,11.1230187,1,1.69
5,tropicana,82,9.064157862,0,3.39
5,tropicana,83,10.4778512,1,1.99
5,tropicana,84,9.17616292,0,3.39
5,tropicana,85,10.80136989,1,1.99
5,tropicana,86,9.609921537,0,1.99
5,tropicana,87,8.7740036,0,3.39
5,tropicana,88,10.12759064,1,2.29
5,tropicana,89,8.743850562,0,3.39
5,tropicana,90,8.528330936,0,3.39
5,tropicana,91,10.77092412,0,1.99
5,tropicana,92,9.538780437,0,1.99
5,tropicana,93,8.723231275,0,3.39
5,tropicana,94,9.142489705,0,3.39
5,tropicana,95,10.40110635,0,1.99
5,tropicana,96,9.954940834,0,1.99
5,tropicana,97,9.639522007,0,1.99
5,tropicana,98,8.987196821,1,3.39
5,tropicana,99,9.957975738,0,2.19
5,tropicana,100,9.384629757,0,2.19
5,tropicana,101,8.528330936,0,3.39
5,tropicana,102,8.435549202,0,3.39
5,tropicana,103,8.702177866,0,3.39
5,tropicana,104,10.83470631,1,1.99
5,tropicana,105,8.636219898,0,3.39
5,tropicana,107,8.764053269,0,3.39
5,tropicana,108,8.60153434,0,2.99
5,tropicana,109,9.00307017,0,2.94
5,tropicana,111,8.886270902,0,2.94
5,tropicana,112,8.877381955,0,2.94
5,tropicana,113,8.971067439,0,2.94
5,tropicana,114,8.929567708,0,2.99
5,tropicana,115,11.14913958,1,1.99
5,tropicana,116,9.100525506,0,2.99
5,tropicana,117,8.841014311,0,2.99
5,tropicana,118,8.803273983,0,2.99
5,tropicana,119,9.010913347,0,2.99
5,tropicana,120,9.505990614,0,2.39
5,tropicana,121,9.405907156,0,2.39
5,tropicana,122,9.379238908,0,2.29
5,tropicana,123,9.064157862,0,2.29
5,tropicana,124,8.68067166,0,2.99
5,tropicana,125,8.912473275,0,2.99
5,tropicana,126,8.636219898,0,2.99
5,tropicana,127,10.42228135,1,1.99
5,tropicana,128,8.589699882,0,2.99
5,tropicana,129,10.90176372,1,1.99
5,tropicana,130,10.42228135,0,1.79
5,tropicana,131,10.10430369,0,1.79
5,tropicana,132,10.03381381,0,1.79
5,tropicana,133,9.852615222,0,2.99
5,tropicana,134,9.66827142,1,2.5
5,tropicana,135,9.557045785,0,2.5
5,tropicana,136,9.169518378,0,2.99
5,tropicana,137,9.221478116,0,2.99
5,tropicana,138,10.36948316,1,2.24
5,tropicana,139,9.135616826,0,2.99
5,tropicana,140,8.946374826,0,2.99
5,tropicana,141,9.071537969,0,2.99
5,tropicana,142,9.2023082,0,2.99
5,tropicana,143,11.42919597,1,2.49
5,tropicana,144,10.69412435,0,2.49
5,tropicana,146,8.895081532,1,2.99
5,tropicana,147,9.467150781,0,2.69
5,tropicana,148,8.831711918,0,2.99
5,tropicana,149,8.99516499,0,2.99
5,tropicana,150,8.51559191,0,2.99
5,tropicana,151,8.903815212,0,2.99
5,tropicana,152,9.034080407,1,2.89
5,tropicana,153,9.086136769,0,2.99
5,tropicana,154,9.78290059,1,2.79
5,tropicana,155,9.169518378,0,2.99
5,tropicana,156,10.15284451,1,2.49
5,tropicana,157,9.208739091,0,2.49
5,tropicana,158,9.056722883,0,2.99
5,tropicana,159,9.486759252,1,2.78
5,tropicana,160,8.921057018,0,2.78
5,minute.maid,40,8.348537825,0,2.99
5,minute.maid,42,8.378390789,0,2.99
5,minute.maid,43,8.502688505,0,2.99
5,minute.maid,44,10.34714721,1,2.59
5,minute.maid,46,9.215128889,0,2.99
5,minute.maid,47,9.987828701,1,2.39
5,minute.maid,48,8.42156296,0,2.99
5,minute.maid,49,10.86329744,1,1.99
5,minute.maid,50,8.184234774,0,2.99
5,minute.maid,51,8.540909718,0,2.99
5,minute.maid,52,8.392989588,0,2.99
5,minute.maid,53,10.31586207,1,2.19
5,minute.maid,54,8.333270353,0,2.99
5,minute.maid,55,8.51559191,0,2.99
5,minute.maid,56,9.543378146,0,2.99
5,minute.maid,57,10.7722673,1,1.99
5,minute.maid,58,8.938006577,0,2.69
5,minute.maid,59,9.093357017,0,2.99
5,minute.maid,60,10.25920204,1,1.99
5,minute.maid,61,8.60153434,0,2.99
5,minute.maid,62,10.86696717,1,1.99
5,minute.maid,63,9.368369236,0,1.99
5,minute.maid,64,9.543378146,0,2.99
5,minute.maid,65,10.49570882,1,1.99
5,minute.maid,66,9.462187991,0,1.99
5,minute.maid,67,10.00820786,0,1.99
5,minute.maid,68,9.208739091,0,1.99
5,minute.maid,69,9.547954813,0,1.99
5,minute.maid,70,8.712759975,0,2.46
5,minute.maid,71,8.962904128,0,2.46
5,minute.maid,72,10.61878754,1,1.99
5,minute.maid,73,8.743850562,0,2.46
5,minute.maid,74,8.971067439,0,2.41
5,minute.maid,75,8.723231275,0,2.41
5,minute.maid,76,9.041685006,0,2.41
5,minute.maid,77,9.835636886,1,1.99
5,minute.maid,78,8.743850562,0,2.46
5,minute.maid,79,9.400630098,0,2.46
5,minute.maid,80,11.20116926,1,1.69
5,minute.maid,81,9.849242538,0,1.69
5,minute.maid,82,8.764053269,1,2.46
5,minute.maid,83,9.064157862,0,2.09
5,minute.maid,84,8.895081532,0,2.09
5,minute.maid,85,9.431882642,0,2.09
5,minute.maid,86,9.557045785,0,2.09
5,minute.maid,87,11.38799696,1,1.39
5,minute.maid,88,8.831711918,0,2.26
5,minute.maid,89,8.962904128,0,2.26
5,minute.maid,90,8.743850562,0,2.26
5,minute.maid,91,8.723231275,0,2.26
5,minute.maid,92,10.23192762,1,1.69
5,minute.maid,93,9.942708266,0,2.26
5,minute.maid,94,10.72976605,1,1.69
5,minute.maid,95,9.570529135,0,1.69
5,minute.maid,96,8.502688505,0,2.26
5,minute.maid,97,8.435549202,0,2.26
5,minute.maid,98,8.565602331,0,2.26
5,minute.maid,99,8.348537825,0,2.26
5,minute.maid,100,8.363575703,0,2.26
5,minute.maid,101,9.734832187,0,2.26
5,minute.maid,102,11.25394746,1,1.29
5,minute.maid,103,8.553332238,0,2.26
5,minute.maid,104,8.565602331,0,2.26
5,minute.maid,105,9.936535407,1,1.99
5,minute.maid,107,9.421573272,0,1.89
5,minute.maid,108,9.395325046,0,1.79
5,minute.maid,109,9.505990614,0,1.79
5,minute.maid,111,8.66974259,0,2.26
5,minute.maid,112,10.82201578,0,1.49
5,minute.maid,113,8.553332238,0,2.26
5,minute.maid,114,9.034080407,0,2.26
5,minute.maid,115,9.221478116,0,1.99
5,minute.maid,116,9.034080407,0,1.99
5,minute.maid,117,9.346268889,0,1.99
5,minute.maid,118,8.691482577,0,2.26
5,minute.maid,119,9.049232212,0,2.26
5,minute.maid,120,10.23881628,1,1.99
5,minute.maid,121,10.08580911,0,1.99
5,minute.maid,122,8.831711918,0,1.99
5,minute.maid,123,9.622714888,1,2.49
5,minute.maid,124,9.340666634,1,2.49
5,minute.maid,125,8.66974259,0,2.49
5,minute.maid,126,8.921057018,0,2.66
5,minute.maid,127,9.026417534,0,1.99
5,minute.maid,128,11.511965,1,1.99
5,minute.maid,129,8.850230966,0,1.99
5,minute.maid,130,9.208739091,0,2.66
5,minute.maid,131,10.39915893,1,1.99
5,minute.maid,132,9.00307017,0,1.99
5,minute.maid,133,8.7740036,0,2.66
5,minute.maid,134,10.51325312,1,1.99
5,minute.maid,135,9.467150781,0,1.99
5,minute.maid,136,8.912473275,0,2.66
5,minute.maid,137,10.43927892,1,1.99
5,minute.maid,138,8.333270353,0,2.66
5,minute.maid,139,8.691482577,0,2.66
5,minute.maid,140,8.783855897,0,2.66
5,minute.maid,141,10.33058368,1,1.99
5,minute.maid,142,8.803273983,0,2.66
5,minute.maid,143,8.392989588,0,2.69
5,minute.maid,144,8.647519453,0,2.69
5,minute.maid,146,8.647519453,0,2.69
5,minute.maid,147,10.58860256,1,2.01
5,minute.maid,148,8.733594062,1,2.19
5,minute.maid,149,8.971067439,0,2.69
5,minute.maid,150,10.90646961,1,2.29
5,minute.maid,151,8.764053269,0,2.69
5,minute.maid,152,8.68067166,1,2.65
5,minute.maid,153,10.93994071,1,1.99
5,minute.maid,154,10.20625526,1,1.99
5,minute.maid,155,8.253227646,0,1.69
5,minute.maid,156,8.723231275,0,1.69
5,minute.maid,157,10.50276352,1,1.99
5,minute.maid,158,8.60153434,0,2.69
5,minute.maid,159,8.946374826,0,2.49
5,minute.maid,160,10.82583988,1,2.19
5,dominicks,40,7.491087594,1,1.59
5,dominicks,42,7.82244473,0,2.49
5,dominicks,43,7.98752448,0,2.49
5,dominicks,44,6.931471806,0,2.49
5,dominicks,46,8.348537825,0,2.49
5,dominicks,47,8.42156296,1,2.09
5,dominicks,48,7.454719949,0,2.09
5,dominicks,49,7.103322063,0,2.09
5,dominicks,50,7.049254841,0,2.09
5,dominicks,51,10.31374118,1,1.89
5,dominicks,52,9.100525506,0,1.89
5,dominicks,53,9.010913347,0,1.89
5,dominicks,54,8.783855897,0,1.79
5,dominicks,55,10.45414909,1,1.79
5,dominicks,56,8.449342525,0,1.79
5,dominicks,57,6.992096427,0,2.49
5,dominicks,58,11.14821835,1,1.24
5,dominicks,59,7.154615357,0,1.59
5,dominicks,60,10.47604777,1,1.59
5,dominicks,61,9.534161491,0,1.29
5,dominicks,62,9.561560465,0,0.99
5,dominicks,63,10.28575227,1,1.59
5,dominicks,64,10.87789624,1,2.49
5,dominicks,65,9.660141294,0,2.19
5,dominicks,66,10.68097588,1,1.39
5,dominicks,67,8.269756948,0,2.19
5,dominicks,68,6.797940413,0,2.19
5,dominicks,69,7.714231145,0,2.19
5,dominicks,70,11.74213061,1,0.99
5,dominicks,71,7.249925537,0,2.19
5,dominicks,72,8.886270902,0,2.19
5,dominicks,73,10.62658181,1,1.49
5,dominicks,74,9.107642974,0,1.49
5,dominicks,75,7.377758908,0,2.19
5,dominicks,76,7.82244473,0,2.19
5,dominicks,77,8.754002934,1,1.99
5,dominicks,78,10.93994071,1,1.09
5,dominicks,79,7.377758908,0,2.19
5,dominicks,80,7.98752448,0,2.19
5,dominicks,81,9.510741217,1,1.59
5,dominicks,82,8.589699882,0,1.59
5,dominicks,83,8.803273983,0,1.59
5,dominicks,84,11.46876457,1,0.99
5,dominicks,85,6.797940413,1,2.19
5,dominicks,86,7.454719949,0,2.19
5,dominicks,87,7.154615357,0,2.19
5,dominicks,88,8.647519453,0,2.19
5,dominicks,89,10.25019297,1,1.59
5,dominicks,90,8.489616424,0,1.59
5,dominicks,91,7.965545573,0,2.09
5,dominicks,92,8.658692754,1,1.41
5,dominicks,93,9.618468598,0,1.29
5,dominicks,94,8.540909718,0,1.89
5,dominicks,95,8.090708716,0,1.89
5,dominicks,96,9.162829389,1,1.59
5,dominicks,97,8.733594062,0,1.59
5,dominicks,98,8.793612072,0,1.89
5,dominicks,99,11.05961375,1,0.99
5,dominicks,100,10.23881628,0,0.99
5,dominicks,101,9.987828701,1,1.49
5,dominicks,102,7.896552702,0,1.49
5,dominicks,103,9.252633284,0,1.39
5,dominicks,104,9.189321005,0,1.39
5,dominicks,105,9.041685006,0,1.39
5,dominicks,107,8.841014311,0,1.58
5,dominicks,108,9.018695488,0,1.58
5,dominicks,109,10.26367632,1,1.58
5,dominicks,111,8.392989588,0,1.58
5,dominicks,112,7.526178913,0,1.58
5,dominicks,113,8.783855897,1,1.58
5,dominicks,114,8.712759975,0,1.58
5,dominicks,115,8.14786713,0,1.58
5,dominicks,116,10.16029796,1,1.58
5,dominicks,117,10.15533517,0,1.58
5,dominicks,118,10.06696602,1,1.58
5,dominicks,119,7.98752448,0,1.58
5,dominicks,120,8.68067166,1,1.58
5,dominicks,121,8.831711918,0,1.58
5,dominicks,122,7.491087594,0,1.58
5,dominicks,123,8.565602331,0,1.58
5,dominicks,124,9.727227587,0,1.58
5,dominicks,125,10.8620712,0,1.58
5,dominicks,126,9.719564714,0,1.58
5,dominicks,127,7.203405521,0,1.58
5,dominicks,128,8.435549202,0,1.58
5,dominicks,129,9.447150114,0,1.58
5,dominicks,130,10.79220152,1,1.58
5,dominicks,131,9.491601877,0,1.58
5,dominicks,132,10.28356647,0,1.58
5,dominicks,133,8.435549202,0,1.58
5,dominicks,134,8.050703382,0,1.58
5,dominicks,135,9.486759252,0,1.58
5,dominicks,136,11.1230187,1,1.29
5,dominicks,137,9.84585844,0,1.29
5,dominicks,138,8.733594062,0,1.89
5,dominicks,139,8.691482577,0,1.89
5,dominicks,140,8.333270353,0,1.99
5,dominicks,141,10.06424493,0,1.69
5,dominicks,142,11.01006801,0,1.69
5,dominicks,143,9.924074186,0,1.69
5,dominicks,144,8.754002934,0,1.99
5,dominicks,146,7.249925537,0,1.99
5,dominicks,147,8.449342525,0,1.99
5,dominicks,148,9.87919486,0,1.29
5,dominicks,149,8.971067439,0,1.99
5,dominicks,150,8.553332238,0,1.69
5,dominicks,151,10.65112292,1,1.49
5,dominicks,152,8.793612072,1,1.89
5,dominicks,153,7.655390645,0,1.99
5,dominicks,154,9.964018052,0,1.79
5,dominicks,155,7.526178913,0,1.29
5,dominicks,156,8.219326094,0,1.99
5,dominicks,157,7.896552702,0,1.85
5,dominicks,158,8.7740036,0,1.85
5,dominicks,159,10.61878754,0,1.49
5,dominicks,160,8.723231275,0,1.85
8,tropicana,40,9.093357017,0,3.19
8,tropicana,41,8.895081532,0,3.19
8,tropicana,42,9.246479419,0,3.19
8,tropicana,43,8.850230966,0,3.19
8,tropicana,44,8.7740036,0,3.19
8,tropicana,45,9.010913347,0,3.19
8,tropicana,46,8.979164649,0,3.19
8,tropicana,47,8.803273983,0,3.19
8,tropicana,48,9.018695488,0,3.19
8,tropicana,49,8.624791202,0,3.19
8,tropicana,50,8.921057018,0,3.19
8,tropicana,51,8.723231275,0,3.19
8,tropicana,52,9.30637756,0,3.19
8,tropicana,53,8.658692754,0,3.19
8,tropicana,54,9.221478116,0,3.19
8,tropicana,55,9.041685006,0,3.19
8,tropicana,56,9.041685006,1,3.19
8,tropicana,57,8.912473275,0,3.19
8,tropicana,58,8.66974259,0,3.04
8,tropicana,59,8.803273983,0,3.04
8,tropicana,60,8.743850562,0,3.04
8,tropicana,61,8.841014311,0,3.04
8,tropicana,62,9.258749511,0,3.19
8,tropicana,63,9.379238908,0,2.99
8,tropicana,64,9.17616292,0,2.99
8,tropicana,65,8.743850562,0,2.99
8,tropicana,66,8.877381955,0,2.99
8,tropicana,67,10.29228113,0,2.39
8,tropicana,68,9.071537969,0,2.39
8,tropicana,69,9.135616826,0,2.99
8,tropicana,70,9.411156511,0,2.59
8,tropicana,71,9.246479419,0,2.59
8,tropicana,72,9.00307017,0,2.99
8,tropicana,73,8.691482577,0,2.99
8,tropicana,74,9.984883191,0,2.49
8,tropicana,75,8.962904128,0,2.99
8,tropicana,76,9.00307017,0,2.99
8,tropicana,77,8.912473275,0,2.99
8,tropicana,78,8.691482577,0,2.99
8,tropicana,79,8.938006577,0,2.99
8,tropicana,80,8.577723691,0,2.99
8,tropicana,81,11.99406684,1,1.49
8,tropicana,82,9.757305042,0,2.99
8,tropicana,83,10.75875358,1,1.99
8,tropicana,84,9.579418083,0,2.99
8,tropicana,85,10.87668778,1,1.99
8,tropicana,86,9.961001459,0,1.99
8,tropicana,87,8.903815212,0,2.99
8,tropicana,88,9.664214619,1,2.29
8,tropicana,91,10.75602879,0,1.99
8,tropicana,92,9.811372264,0,1.99
8,tropicana,93,8.7740036,0,2.99
8,tropicana,94,9.049232212,0,2.99
8,tropicana,95,10.25470765,0,1.99
8,tropicana,96,9.738612909,0,1.99
8,tropicana,97,9.026417534,0,1.99
8,tropicana,98,9.317938383,1,2.99
8,tropicana,99,10.22962081,0,2.19
8,tropicana,100,8.954673629,0,2.19
8,tropicana,101,8.553332238,0,2.99
8,tropicana,102,8.743850562,0,2.99
8,tropicana,103,8.954673629,0,2.99
8,tropicana,104,10.88151288,1,1.99
8,tropicana,105,8.822322178,0,2.99
8,tropicana,106,8.987196821,1,2.49
8,tropicana,107,8.793612072,0,2.99
8,tropicana,108,8.565602331,0,2.99
8,tropicana,109,8.793612072,0,2.94
8,tropicana,110,8.68067166,0,2.94
8,tropicana,111,8.754002934,0,2.94
8,tropicana,112,8.68067166,0,2.94
8,tropicana,113,8.712759975,0,2.94
8,tropicana,114,8.831711918,0,2.99
8,tropicana,115,10.89703558,1,1.99
8,tropicana,116,9.246479419,0,2.99
8,tropicana,117,8.624791202,0,2.99
8,tropicana,118,8.489616424,0,2.99
8,tropicana,119,8.886270902,0,2.99
8,tropicana,120,9.631153757,0,2.39
8,tropicana,121,10.75875358,0,2.39
8,tropicana,122,9.135616826,0,2.29
8,tropicana,123,8.812843434,0,2.29
8,tropicana,124,8.528330936,0,2.89
8,tropicana,125,8.712759975,0,2.89
8,tropicana,126,9.258749511,0,2.89
8,tropicana,127,10.57234204,1,1.99
8,tropicana,128,8.407378325,0,2.89
8,tropicana,129,11.03101119,1,1.99
8,tropicana,130,9.639522007,0,1.79
8,tropicana,131,10.91465201,0,1.79
8,tropicana,132,10.44488118,0,1.79
8,tropicana,133,9.282847063,0,2.89
8,tropicana,134,9.908276069,1,2.5
8,tropicana,135,9.692272572,0,2.5
8,tropicana,136,8.783855897,0,2.89
8,tropicana,137,9.026417534,0,2.89
8,tropicana,138,10.33475035,1,2.16
8,tropicana,139,9.800790154,0,2.89
8,tropicana,140,9.462187991,0,2.89
8,tropicana,141,8.877381955,0,2.89
8,tropicana,142,9.107642974,0,2.89
8,tropicana,143,11.35031241,1,2.49
8,tropicana,144,9.557045785,0,2.49
8,tropicana,146,8.921057018,1,2.89
8,tropicana,147,9.421573272,0,2.69
8,tropicana,148,8.647519453,0,2.89
8,tropicana,149,8.946374826,0,2.89
8,tropicana,150,8.60153434,0,2.89
8,tropicana,151,8.636219898,0,2.89
8,tropicana,152,9.100525506,1,2.79
8,tropicana,153,8.712759975,0,2.89
8,tropicana,154,9.056722883,1,2.79
8,tropicana,155,8.987196821,0,2.89
8,tropicana,156,9.987828701,1,2.49
8,tropicana,157,9.45720045,0,2.49
8,tropicana,158,9.221478116,0,2.89
8,tropicana,159,9.240287448,1,2.79
8,tropicana,160,8.764053269,0,2.89
8,minute.maid,40,8.712759975,0,2.62
8,minute.maid,41,10.85838342,1,1.99
8,minute.maid,42,8.502688505,0,2.62
8,minute.maid,43,8.577723691,0,2.62
8,minute.maid,44,10.58213005,1,2.59
8,minute.maid,45,8.624791202,0,2.62
8,minute.maid,46,9.588228712,0,2.62
8,minute.maid,47,10.00820786,1,2.39
8,minute.maid,48,8.658692754,0,2.62
8,minute.maid,49,10.89703558,1,1.99
8,minute.maid,50,8.66974259,0,2.62
8,minute.maid,51,8.783855897,0,2.62
8,minute.maid,52,8.60153434,0,2.62
8,minute.maid,53,10.50627229,1,2.19
8,minute.maid,54,8.236420527,0,2.62
8,minute.maid,55,8.61323038,0,2.62
8,minute.maid,56,9.426741242,0,2.62
8,minute.maid,57,10.89109379,1,1.99
8,minute.maid,58,8.647519453,0,2.51
8,minute.maid,59,8.489616424,0,2.62
8,minute.maid,60,10.52363384,1,1.99
8,minute.maid,61,8.61323038,0,2.62
8,minute.maid,62,10.83973776,1,1.99
8,minute.maid,63,9.312174678,0,1.99
8,minute.maid,64,9.405907156,0,2.62
8,minute.maid,65,10.32639957,1,1.99
8,minute.maid,66,9.400630098,0,1.99
8,minute.maid,67,9.707959168,0,1.99
8,minute.maid,68,9.142489705,0,1.99
8,minute.maid,69,9.688312171,0,1.99
8,minute.maid,70,8.589699882,0,2.17
8,minute.maid,71,8.803273983,0,2.17
8,minute.maid,72,10.99728828,1,1.99
8,minute.maid,73,9.195835686,0,2.17
8,minute.maid,74,8.812843434,0,2.12
8,minute.maid,75,8.348537825,0,2.12
8,minute.maid,76,9.182763604,0,2.12
8,minute.maid,77,10.6046029,1,1.99
8,minute.maid,78,8.540909718,0,2.17
8,minute.maid,79,9.865993348,0,2.17
8,minute.maid,80,12.04609167,1,1.69
8,minute.maid,81,10.58860256,0,1.69
8,minute.maid,82,9.00307017,1,2.17
8,minute.maid,83,9.114710141,0,1.99
8,minute.maid,84,8.812843434,0,1.99
8,minute.maid,85,8.929567708,0,1.99
8,minute.maid,86,10.11730778,0,1.99
8,minute.maid,87,12.11885761,1,1.39
8,minute.maid,88,9.093357017,0,1.99
8,minute.maid,91,8.803273983,0,1.99
8,minute.maid,92,10.47604777,1,1.49
8,minute.maid,93,9.76468515,0,1.99
8,minute.maid,94,11.2321528,1,1.69
8,minute.maid,95,9.981928979,0,1.69
8,minute.maid,96,9.034080407,0,1.99
8,minute.maid,97,9.2023082,0,1.99
8,minute.maid,98,8.793612072,0,1.99
8,minute.maid,99,8.877381955,0,1.99
8,minute.maid,100,8.733594062,0,1.99
8,minute.maid,101,10.32639957,0,1.99
8,minute.maid,102,11.95658512,1,1.29
8,minute.maid,103,9.282847063,0,1.99
8,minute.maid,104,8.850230966,0,1.99
8,minute.maid,105,10.36948316,1,1.99
8,minute.maid,106,8.577723691,0,1.99
8,minute.maid,107,10.41463313,0,1.89
8,minute.maid,108,9.510741217,0,1.79
8,minute.maid,109,9.510741217,0,1.79
8,minute.maid,110,12.72429485,1,1.69
8,minute.maid,111,9.481893063,0,1.99
8,minute.maid,112,10.8130356,0,1.49
8,minute.maid,113,9.29468152,0,1.99
8,minute.maid,114,9.208739091,0,1.99
8,minute.maid,115,9.128696383,0,1.99
8,minute.maid,116,8.946374826,0,1.99
8,minute.maid,117,8.895081532,0,1.99
8,minute.maid,118,9.010913347,0,1.99
8,minute.maid,119,8.712759975,0,1.99
8,minute.maid,120,9.618468598,1,1.99
8,minute.maid,121,9.156095357,0,1.99
8,minute.maid,122,8.68067166,0,1.99
8,minute.maid,123,9.570529135,1,2.49
8,minute.maid,124,9.368369236,1,2.49
8,minute.maid,125,8.979164649,0,2.49
8,minute.maid,126,8.553332238,0,2.39
8,minute.maid,127,8.877381955,0,1.99
8,minute.maid,128,12.28332994,1,1.99
8,minute.maid,129,9.618468598,0,1.99
8,minute.maid,130,9.379238908,0,2.39
8,minute.maid,131,10.14533509,1,1.99
8,minute.maid,132,9.704060528,0,1.99
8,minute.maid,133,9.927204079,0,2.39
8,minute.maid,134,10.45414909,1,1.99
8,minute.maid,135,10.01681624,0,1.99
8,minute.maid,136,8.962904128,0,2.39
8,minute.maid,137,10.78028874,1,1.79
8,minute.maid,138,8.903815212,0,2.39
8,minute.maid,139,8.743850562,0,2.39
8,minute.maid,140,8.764053269,0,2.39
8,minute.maid,141,10.90764263,1,1.79
8,minute.maid,142,9.00307017,0,2.39
8,minute.maid,143,8.502688505,0,2.49
8,minute.maid,144,8.60153434,0,2.49
8,minute.maid,146,8.68067166,0,2.49
8,minute.maid,147,10.0804615,1,2.02
8,minute.maid,148,8.831711918,1,2.19
8,minute.maid,149,9.010913347,0,2.49
8,minute.maid,150,10.91581547,1,2.29
8,minute.maid,151,8.783855897,0,2.49
8,minute.maid,152,8.733594062,1,2.45
8,minute.maid,153,11.45868045,1,1.99
8,minute.maid,154,10.9250748,1,1.99
8,minute.maid,155,9.835636886,0,1.69
8,minute.maid,156,9.592605087,0,1.69
8,minute.maid,157,10.31374118,1,1.99
8,minute.maid,158,8.733594062,0,2.49
8,minute.maid,159,8.868413285,0,2.49
8,minute.maid,160,11.09522582,1,2.19
8,dominicks,40,9.570529135,1,1.59
8,dominicks,41,8.764053269,0,2.29
8,dominicks,42,8.286017468,0,2.29
8,dominicks,43,8.378390789,0,2.29
8,dominicks,44,8.166216269,0,2.29
8,dominicks,45,8.7740036,0,2.29
8,dominicks,46,8.691482577,0,2.29
8,dominicks,47,9.086136769,1,2.09
8,dominicks,48,8.886270902,0,2.09
8,dominicks,49,8.61323038,0,2.09
8,dominicks,50,8.476371197,0,2.09
8,dominicks,51,10.87183928,1,1.89
8,dominicks,52,9.707959168,0,1.89
8,dominicks,53,9.85597657,0,1.89
8,dominicks,54,9.501217335,0,1.79
8,dominicks,55,11.02581637,1,1.79
8,dominicks,56,9.529521112,0,1.79
8,dominicks,57,8.050703382,0,2.29
8,dominicks,58,12.13444774,1,1.14
8,dominicks,59,8.219326094,0,1.59
8,dominicks,60,10.48503256,1,1.59
8,dominicks,61,10.1991378,0,1.29
8,dominicks,62,11.17996705,0,0.99
8,dominicks,63,10.13014492,1,1.59
8,dominicks,64,11.42361326,1,2.29
8,dominicks,65,10.07777694,0,1.89
8,dominicks,66,11.40596367,1,1.39
8,dominicks,67,9.411156511,0,1.89
8,dominicks,68,8.236420527,0,1.89
8,dominicks,69,9.534161491,0,1.89
8,dominicks,70,12.43349503,1,0.99
8,dominicks,71,8.489616424,0,1.89
8,dominicks,72,9.227787286,0,1.89
8,dominicks,73,11.56498647,1,1.49
8,dominicks,74,10.42228135,0,1.49
8,dominicks,75,8.462948177,0,1.89
8,dominicks,76,9.240287448,0,1.89
8,dominicks,77,8.528330936,1,1.89
8,dominicks,78,12.10053434,1,0.94
8,dominicks,79,8.51559191,0,1.89
8,dominicks,80,8.764053269,0,1.89
8,dominicks,81,9.609921537,1,1.59
8,dominicks,82,10.45230236,0,1.59
8,dominicks,83,9.246479419,0,1.59
8,dominicks,84,12.18013926,1,0.99
8,dominicks,85,8.647519453,1,1.89
8,dominicks,86,8.877381955,0,1.89
8,dominicks,87,7.965545573,0,1.89
8,dominicks,88,9.416378455,0,1.89
8,dominicks,91,9.135616826,0,1.69
8,dominicks,92,10.16029796,1,1.26
8,dominicks,93,9.865993348,0,1.29
8,dominicks,94,8.831711918,0,1.69
8,dominicks,95,9.467150781,0,1.69
8,dominicks,96,10.69267192,1,1.59
8,dominicks,97,10.14281936,0,1.59
8,dominicks,98,10.55414468,0,1.69
8,dominicks,99,11.93415893,1,0.99
8,dominicks,100,10.90529521,0,0.99
8,dominicks,101,10.7722673,1,1.49
8,dominicks,102,9.596962392,0,1.49
8,dominicks,103,10.88271552,0,1.39
8,dominicks,104,10.61093204,0,1.39
8,dominicks,105,10.16029796,0,1.39
8,dominicks,106,10.08847223,1,1.58
8,dominicks,107,9.660141294,0,1.58
8,dominicks,108,9.715711145,0,1.58
8,dominicks,109,10.8130356,1,1.58
8,dominicks,110,9.282847063,0,1.58
8,dominicks,111,9.189321005,0,1.58
8,dominicks,112,8.868413285,0,1.58
8,dominicks,113,9.128696383,1,1.58
8,dominicks,114,9.442086812,0,1.58
8,dominicks,115,9.707959168,0,1.58
8,dominicks,116,10.23881628,1,1.58
8,dominicks,117,10.5406991,0,1.58
8,dominicks,118,10.4241843,1,1.58
8,dominicks,119,9.78290059,0,1.58
8,dominicks,120,10.13014492,1,1.58
8,dominicks,121,9.486759252,0,1.58
8,dominicks,122,8.050703382,0,1.58
8,dominicks,123,8.647519453,0,1.58
8,dominicks,124,9.852615222,0,1.58
8,dominicks,125,11.70901843,0,1.58
8,dominicks,126,10.56741187,0,1.58
8,dominicks,127,8.723231275,0,1.58
8,dominicks,128,9.520175249,0,1.58
8,dominicks,129,9.189321005,0,1.58
8,dominicks,130,11.37265139,1,1.58
8,dominicks,131,10.10691807,0,1.58
8,dominicks,132,10.96902553,0,1.58
8,dominicks,133,9.543378146,0,1.58
8,dominicks,134,9.626943225,0,1.58
8,dominicks,135,9.588228712,0,1.58
8,dominicks,136,11.88509573,1,1.29
8,dominicks,137,10.68537794,0,1.29
8,dominicks,138,9.933434629,0,1.69
8,dominicks,139,9.839055692,0,1.69
8,dominicks,140,9.911455722,0,1.79
8,dominicks,141,9.835636886,0,1.69
8,dominicks,142,11.80428078,0,1.69
8,dominicks,143,11.05860619,0,1.69
8,dominicks,144,11.17099838,0,1.79
8,dominicks,146,9.639522007,0,1.79
8,dominicks,147,9.78290059,0,1.79
8,dominicks,148,10.09641929,0,1.29
8,dominicks,149,9.901886271,0,1.79
8,dominicks,150,9.67633598,0,1.69
8,dominicks,151,11.24310951,1,1.49
8,dominicks,152,9.76468515,1,1.69
8,dominicks,153,9.77201119,0,1.79
8,dominicks,154,10.34919849,0,1.59
8,dominicks,155,9.862665558,0,1.29
8,dominicks,156,9.45720045,0,1.79
8,dominicks,157,9.635346635,0,1.79
8,dominicks,158,9.951896692,0,1.79
8,dominicks,159,11.20987253,0,1.49
8,dominicks,160,9.692272572,0,1.79
9,tropicana,40,8.987196821,0,3.19
9,tropicana,41,9.078864009,0,3.19
9,tropicana,42,9.234056899,0,3.19
9,tropicana,43,9.2023082,0,3.19
9,tropicana,44,9.018695488,0,3.19
9,tropicana,45,9.071537969,0,3.19
9,tropicana,46,9.169518378,0,3.19
9,tropicana,47,9.215128889,0,3.19
9,tropicana,48,9.107642974,0,3.19
9,tropicana,49,9.093357017,0,3.19
9,tropicana,50,8.903815212,0,3.19
9,tropicana,51,9.100525506,0,3.19
9,tropicana,52,8.831711918,0,3.19
9,tropicana,53,9.156095357,0,3.19
9,tropicana,54,9.189321005,0,3.19
9,tropicana,55,9.17616292,0,3.19
9,tropicana,56,9.114710141,1,3.19
9,tropicana,57,9.064157862,0,3.19
9,tropicana,58,9.182763604,0,3.04
9,tropicana,59,9.093357017,0,3.04
9,tropicana,60,8.971067439,0,3.04
9,tropicana,61,9.086136769,0,3.04
9,tropicana,62,9.510741217,0,3.19
9,tropicana,63,9.849242538,0,2.99
9,tropicana,64,9.618468598,0,2.99
9,tropicana,65,9.182763604,0,2.99
9,tropicana,66,8.946374826,0,2.99
9,tropicana,67,10.63277378,0,2.39
9,tropicana,68,9.626943225,0,2.39
9,tropicana,69,9.447150114,0,2.99
9,tropicana,70,9.761001904,0,2.59
9,tropicana,71,9.258749511,0,2.59
9,tropicana,72,9.182763604,0,2.99
9,tropicana,73,9.215128889,0,2.99
9,tropicana,74,10.28793329,0,2.49
9,tropicana,75,9.323669057,0,2.99
9,tropicana,76,8.868413285,0,2.99
9,tropicana,77,9.064157862,0,2.99
9,tropicana,78,9.221478116,0,2.99
9,tropicana,79,9.208739091,0,2.99
9,tropicana,80,9.00307017,0,2.99
9,tropicana,81,11.72881074,1,1.49
9,tropicana,82,9.264828557,0,2.99
9,tropicana,83,11.13429701,1,1.99
9,tropicana,84,9.67231183,0,2.99
9,tropicana,85,11.15830555,1,1.99
9,tropicana,86,10.14281936,0,1.99
9,tropicana,89,8.636219898,0,3.39
9,tropicana,90,8.647519453,0,3.39
9,tropicana,91,11.24478455,0,1.99
9,tropicana,92,8.954673629,0,1.99
9,tropicana,93,8.850230966,0,3.39
9,tropicana,94,9.583833101,0,3.39
9,tropicana,95,11.28497036,0,1.99
9,tropicana,96,10.11212642,0,1.99
9,tropicana,97,8.954673629,0,1.99
9,tropicana,98,8.946374826,1,3.39
9,tropicana,99,10.33889974,0,2.19
9,tropicana,100,8.764053269,0,2.19
9,tropicana,101,8.60153434,0,3.39
9,tropicana,102,8.841014311,0,3.39
9,tropicana,103,8.702177866,0,3.39
9,tropicana,104,11.3442701,1,1.99
9,tropicana,105,9.00307017,0,3.39
9,tropicana,106,9.258749511,1,2.49
9,tropicana,107,8.877381955,0,3.39
9,tropicana,108,8.868413285,0,2.99
9,tropicana,109,8.850230966,0,2.94
9,tropicana,110,9.010913347,0,2.94
9,tropicana,111,8.987196821,0,2.94
9,tropicana,112,8.929567708,0,2.94
9,tropicana,113,8.868413285,0,2.94
9,tropicana,114,9.258749511,0,2.99
9,tropicana,115,11.23469195,1,1.99
9,tropicana,116,9.2023082,0,2.99
9,tropicana,117,8.831711918,0,2.99
9,tropicana,118,8.868413285,0,2.99
9,tropicana,119,9.049232212,0,2.99
9,tropicana,120,9.67633598,0,2.39
9,tropicana,121,9.862665558,0,2.39
9,tropicana,122,9.436997743,0,2.29
9,tropicana,123,9.579418083,0,2.29
9,tropicana,124,9.034080407,0,2.99
9,tropicana,125,8.938006577,0,2.99
9,tropicana,126,8.895081532,0,2.99
9,tropicana,127,10.51151248,1,1.99
9,tropicana,128,8.859363449,0,2.99
9,tropicana,129,11.11352195,1,1.99
9,tropicana,130,9.688312171,0,1.79
9,tropicana,131,10.32430094,0,1.79
9,tropicana,132,10.14281936,0,1.79
9,tropicana,133,9.566054855,0,2.99
9,tropicana,134,9.804329981,1,2.5
9,tropicana,135,9.704060528,0,2.5
9,tropicana,136,8.877381955,0,2.99
9,tropicana,137,9.208739091,0,2.99
9,tropicana,138,10.73535265,1,2.24
9,tropicana,139,8.912473275,0,2.99
9,tropicana,140,9.093357017,0,2.99
9,tropicana,141,8.859363449,0,2.99
9,tropicana,143,11.29377394,1,2.49
9,tropicana,144,10.55747802,0,2.49
9,tropicana,145,11.4640713,1,1.99
9,tropicana,146,8.783855897,1,2.99
9,tropicana,147,9.335032816,0,2.69
9,tropicana,149,8.912473275,0,2.99
9,tropicana,150,8.68067166,0,2.99
9,tropicana,151,9.018695488,0,2.99
9,tropicana,152,9.064157862,1,2.89
9,tropicana,153,8.61323038,0,2.99
9,tropicana,154,9.086136769,1,2.79
9,tropicana,155,9.36288977,0,2.99
9,tropicana,156,10.54912375,1,2.49
9,tropicana,157,9.592605087,0,2.49
9,tropicana,158,9.010913347,0,2.99
9,tropicana,159,9.477003077,1,2.79
9,tropicana,160,8.565602331,0,3.2
9,minute.maid,40,8.449342525,0,2.62
9,minute.maid,41,11.17279856,1,1.99
9,minute.maid,42,8.129174997,0,2.62
9,minute.maid,43,8.489616424,0,2.62
9,minute.maid,44,10.51499074,1,2.59
9,minute.maid,45,8.236420527,0,2.62
9,minute.maid,46,9.346268889,0,2.62
9,minute.maid,47,10.1478445,1,2.39
9,minute.maid,48,8.286017468,0,2.62
9,minute.maid,49,10.90058378,1,1.99
9,minute.maid,50,8.110126802,0,2.62
9,minute.maid,51,8.624791202,0,2.62
9,minute.maid,52,8.269756948,0,2.62
9,minute.maid,53,10.48503256,1,2.19
9,minute.maid,54,8.236420527,0,2.62
9,minute.maid,55,8.476371197,0,2.62
9,minute.maid,56,8.363575703,0,2.62
9,minute.maid,57,10.83091603,1,1.99
9,minute.maid,58,8.253227646,0,2.55
9,minute.maid,59,7.920083199,0,2.62
9,minute.maid,60,10.77092412,1,1.99
9,minute.maid,61,7.943072717,0,2.62
9,minute.maid,62,10.83470631,1,1.99
9,minute.maid,63,9.121727714,0,1.99
9,minute.maid,64,9.36288977,0,2.62
9,minute.maid,65,10.76688371,1,1.99
9,minute.maid,66,9.467150781,0,1.99
9,minute.maid,67,9.452187908,0,1.99
9,minute.maid,68,8.868413285,0,1.99
9,minute.maid,69,9.340666634,0,1.99
9,minute.maid,70,8.754002934,0,2.17
9,minute.maid,71,8.589699882,0,2.17
9,minute.maid,72,10.92967251,1,1.99
9,minute.maid,73,8.877381955,0,2.17
9,minute.maid,74,9.169518378,0,2.12
9,minute.maid,75,8.754002934,0,2.12
9,minute.maid,76,9.056722883,0,2.12
9,minute.maid,77,10.56905797,1,1.99
9,minute.maid,78,8.712759975,0,2.17
9,minute.maid,79,9.477003077,0,2.17
9,minute.maid,80,11.4457595,1,1.69
9,minute.maid,81,9.849242538,0,1.69
9,minute.maid,82,8.449342525,1,2.17
9,minute.maid,83,8.68067166,0,2.09
9,minute.maid,84,8.921057018,0,2.09
9,minute.maid,85,8.68067166,0,2.09
9,minute.maid,86,10.25019297,0,2.09
9,minute.maid,89,8.647519453,0,2.26
9,minute.maid,90,8.658692754,0,2.26
9,minute.maid,91,8.201934351,0,2.26
9,minute.maid,92,10.62658181,1,1.69
9,minute.maid,93,9.421573272,0,2.26
9,minute.maid,94,11.08447828,1,1.69
9,minute.maid,95,9.477003077,0,1.69
9,minute.maid,96,8.476371197,0,2.26
9,minute.maid,97,8.502688505,0,2.26
9,minute.maid,98,8.030084094,0,2.26
9,minute.maid,99,8.219326094,0,2.26
9,minute.maid,100,8.363575703,0,2.26
9,minute.maid,101,9.797237753,0,2.26
9,minute.maid,102,11.4539395,1,1.29
9,minute.maid,103,8.236420527,0,2.26
9,minute.maid,104,8.435549202,0,2.26
9,minute.maid,105,10.47604777,1,1.99
9,minute.maid,106,8.793612072,0,1.99
9,minute.maid,107,9.071537969,0,1.89
9,minute.maid,108,9.436997743,0,1.79
9,minute.maid,109,9.252633284,0,1.79
9,minute.maid,110,12.33808288,1,1.69
9,minute.maid,111,8.68067166,0,2.26
9,minute.maid,112,11.01849799,0,1.49
9,minute.maid,113,8.030084094,0,2.26
9,minute.maid,114,8.449342525,0,2.26
9,minute.maid,115,10.32219789,0,1.99
9,minute.maid,116,9.100525506,0,1.99
9,minute.maid,117,8.912473275,0,1.99
9,minute.maid,118,8.333270353,0,2.26
9,minute.maid,119,7.943072717,0,2.26
9,minute.maid,120,10.4559924,1,1.99
9,minute.maid,121,9.557045785,0,1.99
9,minute.maid,122,8.286017468,0,1.99
9,minute.maid,123,9.477003077,1,2.49
9,minute.maid,124,9.761001904,1,2.49
9,minute.maid,125,8.129174997,0,2.49
9,minute.maid,126,8.624791202,0,2.66
9,minute.maid,127,8.462948177,0,1.99
9,minute.maid,128,11.62796697,1,1.99
9,minute.maid,129,8.565602331,0,1.99
9,minute.maid,130,8.624791202,0,2.66
9,minute.maid,131,10.10430369,1,1.99
9,minute.maid,132,8.636219898,0,1.99
9,minute.maid,133,8.253227646,0,2.66
9,minute.maid,134,9.64782081,1,1.99
9,minute.maid,135,8.868413285,0,1.99
9,minute.maid,136,8.236420527,0,2.66
9,minute.maid,137,10.61093204,1,1.99
9,minute.maid,138,7.965545573,0,2.66
9,minute.maid,139,8.348537825,0,2.66
9,minute.maid,140,8.129174997,0,2.66
9,minute.maid,141,10.67803037,1,1.99
9,minute.maid,143,7.769800996,0,2.69
9,minute.maid,144,7.560080465,0,2.69
9,minute.maid,145,7.526178913,0,2.69
9,minute.maid,146,7.592870288,0,2.69
9,minute.maid,147,8.850230966,1,2.01
9,minute.maid,149,8.317766167,0,2.69
9,minute.maid,150,10.8245668,1,2.29
9,minute.maid,151,7.920083199,0,2.69
9,minute.maid,152,7.655390645,1,2.65
9,minute.maid,153,11.1745955,1,1.99
9,minute.maid,154,10.23652533,1,1.99
9,minute.maid,155,9.411156511,0,1.69
9,minute.maid,156,9.395325046,0,1.69
9,minute.maid,157,10.31586207,1,1.99
9,minute.maid,158,9.323669057,0,2.69
9,minute.maid,159,8.392989588,0,2.49
9,minute.maid,160,11.05050898,1,2.19
9,dominicks,40,9.056722883,1,1.59
9,dominicks,41,7.049254841,0,2.29
9,dominicks,42,6.797940413,0,2.29
9,dominicks,43,7.685243608,0,2.29
9,dominicks,44,7.049254841,0,2.29
9,dominicks,45,8.110126802,0,2.29
9,dominicks,46,8.502688505,0,2.29
9,dominicks,47,8.723231275,1,2.09
9,dominicks,48,8.219326094,0,2.09
9,dominicks,49,6.556778356,0,2.09
9,dominicks,50,6.866933285,0,2.09
9,dominicks,51,10.57561537,1,1.89
9,dominicks,52,8.636219898,0,1.89
9,dominicks,53,9.00307017,0,1.89
9,dominicks,54,8.435549202,0,1.79
9,dominicks,55,10.71849832,1,1.79
9,dominicks,56,8.66974259,0,1.79
9,dominicks,57,6.356107661,0,2.29
9,dominicks,58,11.46205314,1,1.14
9,dominicks,59,6.556778356,0,1.59
9,dominicks,60,9.618468598,1,1.59
9,dominicks,61,9.14931567,0,1.29
9,dominicks,62,10.16277015,0,0.99
9,dominicks,63,9.547954813,1,1.59
9,dominicks,64,10.84848235,1,2.29
9,dominicks,65,9.010913347,0,1.89
9,dominicks,66,10.89228498,1,1.39
9,dominicks,67,8.528330936,0,1.89
9,dominicks,68,7.526178913,0,1.89
9,dominicks,69,8.378390789,0,1.89
9,dominicks,70,11.77958817,1,0.99
9,dominicks,71,9.064157862,0,1.89
9,dominicks,72,8.658692754,0,1.89
9,dominicks,73,10.95458886,1,1.49
9,dominicks,74,9.346268889,0,1.49
9,dominicks,75,8.219326094,0,1.89
9,dominicks,76,8.392989588,0,1.89
9,dominicks,77,8.236420527,1,1.89
9,dominicks,78,11.50811391,1,0.94
9,dominicks,79,7.203405521,0,1.89
9,dominicks,80,8.009030685,0,1.89
9,dominicks,81,9.416378455,1,1.59
9,dominicks,82,8.733594062,0,1.59
9,dominicks,83,8.647519453,0,1.59
9,dominicks,84,11.57586271,1,0.99
9,dominicks,85,7.98752448,1,1.89
9,dominicks,86,7.98752448,0,1.89
9,dominicks,89,10.7381343,1,1.59
9,dominicks,90,8.090708716,0,1.59
9,dominicks,91,7.655390645,0,2.09
9,dominicks,92,8.938006577,1,1.41
9,dominicks,93,8.317766167,0,1.29
9,dominicks,94,6.556778356,0,1.89
9,dominicks,95,8.050703382,0,1.89
9,dominicks,96,10.40498985,1,1.59
9,dominicks,97,10.02535114,0,1.59
9,dominicks,98,8.269756948,0,1.89
9,dominicks,99,11.46474312,1,0.99
9,dominicks,100,9.664214619,0,0.99
9,dominicks,101,10.43364511,1,1.49
9,dominicks,102,9.384629757,0,1.49
9,dominicks,103,9.335032816,0,1.39
9,dominicks,104,8.895081532,0,1.39
9,dominicks,105,8.979164649,0,1.39
9,dominicks,106,9.626943225,1,1.58
9,dominicks,107,9.034080407,0,1.58
9,dominicks,108,9.335032816,0,1.58
9,dominicks,109,10.55914053,1,1.58
9,dominicks,110,8.7740036,0,1.58
9,dominicks,111,8.636219898,0,1.58
9,dominicks,112,6.992096427,0,1.58
9,dominicks,113,8.987196821,1,1.58
9,dominicks,114,8.14786713,0,1.58
9,dominicks,115,7.454719949,0,1.58
9,dominicks,116,9.842462851,1,1.58
9,dominicks,117,10.0024275,0,1.58
9,dominicks,118,9.246479419,1,1.58
9,dominicks,119,8.009030685,0,1.58
9,dominicks,120,9.010913347,1,1.58
9,dominicks,121,9.36288977,0,1.58
9,dominicks,122,7.592870288,0,1.58
9,dominicks,123,8.61323038,0,1.58
9,dominicks,124,9.282847063,0,1.58
9,dominicks,125,11.12207307,0,1.58
9,dominicks,126,8.886270902,0,1.58
9,dominicks,127,7.049254841,0,1.58
9,dominicks,128,8.877381955,0,1.58
9,dominicks,129,8.449342525,0,1.58
9,dominicks,130,10.79220152,1,1.58
9,dominicks,131,9.30054664,0,1.58
9,dominicks,132,10.0505273,0,1.58
9,dominicks,133,7.896552702,0,1.58
9,dominicks,134,9.486759252,0,1.58
9,dominicks,135,10.18474906,0,1.58
9,dominicks,136,11.19238957,1,1.29
9,dominicks,137,9.018695488,0,1.29
9,dominicks,138,8.812843434,0,1.89
9,dominicks,139,8.462948177,0,1.89
9,dominicks,140,7.87245515,0,1.99
9,dominicks,141,8.712759975,0,1.69
9,dominicks,143,9.951896692,0,1.69
9,dominicks,144,8.7740036,0,1.99
9,dominicks,145,7.82244473,0,1.99
9,dominicks,146,6.992096427,0,1.99
9,dominicks,147,8.987196821,0,1.99
9,dominicks,149,8.895081532,0,1.99
9,dominicks,150,8.850230966,0,1.69
9,dominicks,151,10.68830192,1,1.49
9,dominicks,152,8.286017468,1,1.89
9,dominicks,153,7.87245515,0,1.99
9,dominicks,154,9.010913347,0,1.79
9,dominicks,155,8.783855897,0,1.29
9,dominicks,156,7.82244473,0,1.99
9,dominicks,157,7.249925537,0,2.13
9,dominicks,158,8.236420527,0,2.13
9,dominicks,159,10.67803037,0,1.49
9,dominicks,160,8.166216269,0,2.13
12,tropicana,41,8.822322178,0,3.87
12,tropicana,42,8.803273983,0,3.87
12,tropicana,43,8.938006577,0,3.87
12,tropicana,44,8.859363449,0,3.87
12,tropicana,45,9.056722883,0,3.87
12,tropicana,46,8.66974259,0,3.87
12,tropicana,47,8.954673629,0,3.87
12,tropicana,48,9.026417534,0,3.87
12,tropicana,49,8.723231275,0,3.87
12,tropicana,50,8.733594062,0,3.87
12,tropicana,51,8.841014311,0,3.87
12,tropicana,52,9.534161491,0,3.29
12,tropicana,53,9.452187908,0,3.29
12,tropicana,54,9.221478116,0,3.29
12,tropicana,55,9.114710141,0,3.87
12,tropicana,56,9.951896692,1,2.99
12,tropicana,57,9.36288977,0,2.99
12,tropicana,58,9.515469358,0,2.99
12,tropicana,59,8.783855897,0,3.87
12,tropicana,60,8.540909718,0,3.87
12,tropicana,61,8.636219898,0,3.87
12,tropicana,62,8.647519453,0,3.87
12,tropicana,63,9.605620455,0,2.99
12,tropicana,64,9.588228712,0,2.99
12,tropicana,65,8.803273983,0,3.59
12,tropicana,66,9.010913347,0,3.59
12,tropicana,67,10.66466714,0,2.39
12,tropicana,68,9.357380115,0,2.39
12,tropicana,69,9.221478116,0,3.59
12,tropicana,70,10.11472045,0,2.59
12,tropicana,71,9.107642974,0,2.59
12,tropicana,72,8.636219898,0,3.59
12,tropicana,73,8.754002934,0,3.59
12,tropicana,74,10.60142325,0,2.49
12,tropicana,75,9.323669057,0,3.59
12,tropicana,76,9.711842668,0,3.59
12,tropicana,77,8.589699882,0,3.59
12,tropicana,78,8.793612072,0,3.59
12,tropicana,79,8.712759975,0,3.59
12,tropicana,80,8.647519453,0,3.59
12,tropicana,81,11.80092749,1,1.69
12,tropicana,82,10.17504024,0,3.59
12,tropicana,83,11.18797065,1,1.99
12,tropicana,84,10.1774763,0,3.59
12,tropicana,85,11.45597409,1,1.99
12,tropicana,87,8.803273983,0,3.59
12,tropicana,88,10.36545901,1,2.29
12,tropicana,90,8.7740036,0,3.59
12,tropicana,91,11.33971428,0,1.99
12,tropicana,92,9.927204079,0,1.99
12,tropicana,93,8.868413285,0,3.59
12,tropicana,94,9.888982866,0,3.59
12,tropicana,95,11.39881568,0,1.99
12,tropicana,96,10.69557468,0,1.99
12,tropicana,97,10.02251426,0,1.99
12,tropicana,98,9.258749511,1,3.59
12,tropicana,99,10.07777694,0,2.19
12,tropicana,100,9.400630098,0,2.19
12,tropicana,101,8.793612072,0,3.59
12,tropicana,102,8.647519453,0,3.59
12,tropicana,103,8.783855897,0,3.59
12,tropicana,106,9.442086812,1,2.49
12,tropicana,107,8.528330936,0,3.59
12,tropicana,108,8.841014311,0,3.19
12,tropicana,109,9.142489705,0,3.07
12,tropicana,110,8.921057018,0,3.07
12,tropicana,111,9.189321005,0,3.07
12,tropicana,112,8.868413285,0,3.07
12,tropicana,113,8.938006577,0,3.07
12,tropicana,114,8.979164649,0,3.19
12,tropicana,115,11.61591517,1,1.99
12,tropicana,116,8.793612072,0,3.19
12,tropicana,117,8.565602331,0,3.19
12,tropicana,118,8.812843434,0,3.19
12,tropicana,119,9.056722883,0,3.19
12,tropicana,120,9.984883191,0,2.39
12,tropicana,121,10.75739211,0,2.39
12,tropicana,122,10.67062841,0,2.29
12,tropicana,123,9.688312171,0,2.29
12,tropicana,124,8.803273983,0,3.19
12,tropicana,125,8.929567708,0,3.19
12,tropicana,126,9.128696383,0,3.19
12,tropicana,127,10.95234922,1,1.99
12,tropicana,129,11.65885962,1,1.99
12,tropicana,130,11.43820192,0,1.79
12,tropicana,131,11.24812624,0,1.79
12,tropicana,132,10.43176009,0,1.79
12,tropicana,133,9.779283949,0,3.19
12,tropicana,134,10.41078697,1,2.5
12,tropicana,135,9.69621735,0,2.5
12,tropicana,136,8.803273983,0,3.19
12,tropicana,137,9.411156511,0,3.19
12,tropicana,138,10.69412435,1,2.39
12,tropicana,139,9.041685006,0,3.19
12,tropicana,140,9.010913347,0,3.19
12,tropicana,141,8.895081532,0,3.19
12,tropicana,142,9.100525506,0,3.19
12,tropicana,143,11.34351224,1,2.49
12,tropicana,144,10.55914053,0,2.49
12,tropicana,145,11.39666128,1,1.99
12,tropicana,146,8.66974259,1,3.19
12,tropicana,147,10.07777694,0,2.69
12,tropicana,148,8.754002934,0,3.19
12,tropicana,149,9.010913347,0,3.19
12,tropicana,150,8.822322178,0,3.19
12,tropicana,151,8.962904128,0,3.19
12,tropicana,152,9.156095357,1,3.09
12,tropicana,153,8.803273983,0,3.19
12,tropicana,154,9.643680017,1,2.79
12,tropicana,155,9.510741217,0,3.19
12,tropicana,156,10.64504387,1,2.49
12,tropicana,157,9.719564714,0,2.49
12,tropicana,158,9.221478116,0,3.19
12,tropicana,159,9.99369382,1,2.79
12,tropicana,160,9.034080407,0,3.19
12,minute.maid,41,11.15281606,1,1.99
12,minute.maid,42,8.30201781,0,3.17
12,minute.maid,43,8.462948177,0,3.17
12,minute.maid,44,10.75739211,1,2.59
12,minute.maid,45,8.30201781,0,3.17
12,minute.maid,46,8.764053269,0,3.17
12,minute.maid,47,10.43364511,1,2.39
12,minute.maid,48,8.42156296,0,3.17
12,minute.maid,49,11.08152698,1,1.99
12,minute.maid,50,8.317766167,0,3.17
12,minute.maid,51,8.502688505,0,3.17
12,minute.maid,52,8.407378325,0,3.17
12,minute.maid,53,10.71991375,1,2.19
12,minute.maid,54,8.489616424,0,3.17
12,minute.maid,55,8.783855897,0,3.17
12,minute.maid,56,9.208739091,0,3.17
12,minute.maid,57,11.07658869,1,1.99
12,minute.maid,58,8.577723691,0,2.88
12,minute.maid,59,8.60153434,0,3.17
12,minute.maid,60,10.34096799,1,1.99
12,minute.maid,61,8.476371197,0,3.17
12,minute.maid,62,10.96127785,1,1.99
12,minute.maid,63,9.64782081,0,1.99
12,minute.maid,64,9.835636886,0,3.17
12,minute.maid,65,11.11542853,1,1.99
12,minute.maid,66,10.02818,0,1.99
12,minute.maid,67,10.06696602,0,1.99
12,minute.maid,68,9.524859098,0,1.99
12,minute.maid,69,9.821843564,0,1.99
12,minute.maid,70,8.68067166,0,2.59
12,minute.maid,71,8.868413285,0,2.59
12,minute.maid,72,11.15921754,1,1.99
12,minute.maid,73,9.195835686,0,2.59
12,minute.maid,74,9.142489705,0,2.49
12,minute.maid,75,8.946374826,0,2.49
12,minute.maid,76,9.761001904,0,2.49
12,minute.maid,77,11.1445249,1,1.99
12,minute.maid,78,8.868413285,0,2.59
12,minute.maid,79,9.901886271,0,2.59
12,minute.maid,80,11.79128421,1,1.69
12,minute.maid,81,10.27698028,0,1.69
12,minute.maid,82,8.929567708,1,2.59
12,minute.maid,83,9.078864009,0,2.09
12,minute.maid,84,9.329367078,0,2.09
12,minute.maid,85,9.034080407,0,2.09
12,minute.maid,87,12.23103839,1,1.39
12,minute.maid,88,10.76282691,0,2.39
12,minute.maid,90,10.27477521,0,2.39
12,minute.maid,91,8.624791202,0,2.39
12,minute.maid,92,10.73952222,1,1.79
12,minute.maid,93,10.08847223,0,2.39
12,minute.maid,94,11.4222127,1,1.69
12,minute.maid,95,9.869310101,0,1.69
12,minute.maid,96,8.565602331,0,2.39
12,minute.maid,97,8.754002934,0,2.39
12,minute.maid,98,8.407378325,0,2.39
12,minute.maid,99,8.489616424,0,2.39
12,minute.maid,100,8.502688505,0,2.39
12,minute.maid,101,9.99369382,0,2.39
12,minute.maid,102,11.92995017,1,1.29
12,minute.maid,103,8.850230966,0,2.39
12,minute.maid,106,9.583833101,0,1.99
12,minute.maid,107,9.895455381,0,1.89
12,minute.maid,108,10.05878044,0,1.79
12,minute.maid,109,9.927204079,0,1.79
12,minute.maid,110,12.47664925,1,1.69
12,minute.maid,111,9.384629757,0,2.39
12,minute.maid,112,11.53664199,0,1.49
12,minute.maid,113,8.636219898,0,2.39
12,minute.maid,114,9.865993348,0,2.39
12,minute.maid,115,9.828764006,0,1.99
12,minute.maid,116,9.534161491,0,1.99
12,minute.maid,117,9.107642974,0,1.99
12,minute.maid,118,8.7740036,0,2.39
12,minute.maid,119,8.624791202,0,2.39
12,minute.maid,120,10.6465671,1,1.99
12,minute.maid,121,9.917784857,0,1.99
12,minute.maid,122,9.064157862,0,1.99
12,minute.maid,123,10.18956834,1,2.49
12,minute.maid,124,10.06696602,1,2.49
12,minute.maid,125,9.426741242,0,2.49
12,minute.maid,126,8.702177866,0,2.79
12,minute.maid,127,9.169518378,0,1.99
12,minute.maid,129,9.195835686,0,1.99
12,minute.maid,130,8.850230966,0,2.79
12,minute.maid,131,10.54912375,1,1.99
12,minute.maid,132,10.36747311,0,1.99
12,minute.maid,133,10.22034,0,2.79
12,minute.maid,134,10.5508002,1,1.99
12,minute.maid,135,10.27477521,0,1.99
12,minute.maid,136,9.100525506,0,2.79
12,minute.maid,137,10.70566849,1,2.09
12,minute.maid,138,8.348537825,0,2.79
12,minute.maid,139,8.903815212,0,2.79
12,minute.maid,140,8.812843434,0,2.79
12,minute.maid,141,10.67062841,1,2.09
12,minute.maid,142,8.712759975,0,2.79
12,minute.maid,143,8.317766167,0,2.89
12,minute.maid,144,8.712759975,0,2.89
12,minute.maid,145,8.42156296,0,2.89
12,minute.maid,146,8.348537825,0,2.89
12,minute.maid,147,10.06967973,1,1.99
12,minute.maid,148,8.435549202,1,2.19
12,minute.maid,149,8.912473275,0,2.89
12,minute.maid,150,10.99406767,1,2.29
12,minute.maid,151,8.912473275,0,2.89
12,minute.maid,152,8.577723691,1,2.81
12,minute.maid,153,11.3814491,1,1.99
12,minute.maid,154,10.94672807,1,1.99
12,minute.maid,155,10.10168246,0,1.69
12,minute.maid,156,9.978966014,0,1.69
12,minute.maid,157,10.89585004,1,1.99
12,minute.maid,158,8.850230966,0,2.89
12,minute.maid,159,8.783855897,0,2.69
12,minute.maid,160,11.12961316,1,2.19
12,dominicks,41,7.249925537,0,2.69
12,dominicks,42,8.166216269,0,2.69
12,dominicks,43,8.589699882,0,2.69
12,dominicks,44,7.294377299,0,2.69
12,dominicks,45,6.797940413,0,2.69
12,dominicks,46,8.841014311,0,2.69
12,dominicks,47,8.822322178,1,2.09
12,dominicks,48,8.236420527,0,2.09
12,dominicks,49,8.317766167,0,2.09
12,dominicks,50,7.965545573,0,2.09
12,dominicks,51,10.48503256,1,1.89
12,dominicks,52,9.416378455,0,1.89
12,dominicks,53,9.018695488,0,1.89
12,dominicks,54,8.987196821,0,1.79
12,dominicks,55,10.75602879,1,1.79
12,dominicks,56,8.7740036,0,1.79
12,dominicks,57,6.797940413,0,2.69
12,dominicks,58,11.63592156,1,1.24
12,dominicks,59,7.592870288,0,1.59
12,dominicks,60,10.87183928,1,1.59
12,dominicks,61,10.08580911,0,1.29
12,dominicks,62,11.11256729,0,0.99
12,dominicks,63,10.72555551,1,1.59
12,dominicks,64,10.5457624,1,2.49
12,dominicks,65,10.06424493,0,2.69
12,dominicks,66,11.08839985,1,1.39
12,dominicks,67,7.847762538,0,2.69
12,dominicks,68,7.294377299,0,2.69
12,dominicks,69,6.556778356,0,2.69
12,dominicks,70,12.2505105,1,0.99
12,dominicks,71,7.965545573,0,2.69
12,dominicks,72,8.912473275,0,2.69
12,dominicks,73,11.4222127,1,1.49
12,dominicks,74,8.929567708,0,1.49
12,dominicks,75,7.526178913,0,2.69
12,dominicks,76,7.847762538,0,2.69
12,dominicks,77,8.528330936,1,1.99
12,dominicks,78,11.8560044,1,1.09
12,dominicks,79,7.82244473,0,2.69
12,dominicks,80,8.378390789,0,2.69
12,dominicks,81,9.954940834,1,1.59
12,dominicks,82,10.1326927,0,1.59
12,dominicks,83,8.971067439,0,1.59
12,dominicks,84,12.32196946,1,0.99
12,dominicks,85,7.049254841,1,2.69
12,dominicks,87,6.931471806,0,2.69
12,dominicks,88,8.577723691,0,2.69
12,dominicks,90,9.990765561,0,1.59
12,dominicks,91,7.454719949,0,2.39
12,dominicks,92,9.66827142,1,1.49
12,dominicks,93,9.400630098,0,1.29
12,dominicks,94,7.965545573,0,1.99
12,dominicks,95,8.841014311,0,1.99
12,dominicks,96,10.77628606,1,1.59
12,dominicks,97,9.67633598,0,1.59
12,dominicks,98,9.026417534,0,1.99
12,dominicks,99,12.06616669,1,0.99
12,dominicks,100,11.00049856,0,0.99
12,dominicks,101,10.92276799,1,1.49
12,dominicks,102,8.712759975,0,1.49
12,dominicks,103,8.392989588,0,1.39
12,dominicks,106,9.55251063,1,1.58
12,dominicks,107,8.946374826,0,1.58
12,dominicks,108,9.368369236,0,1.58
12,dominicks,109,11.15281606,1,1.58
12,dominicks,110,9.189321005,0,1.58
12,dominicks,111,8.51559191,0,1.58
12,dominicks,112,7.82244473,0,1.58
12,dominicks,113,9.639522007,1,1.58
12,dominicks,114,9.086136769,0,1.58
12,dominicks,115,8.14786713,0,1.58
12,dominicks,116,10.57887801,1,1.58
12,dominicks,117,10.97780715,0,1.58
12,dominicks,118,10.74367448,1,1.58
12,dominicks,119,8.868413285,0,1.58
12,dominicks,120,9.566054855,1,1.58
12,dominicks,121,9.384629757,0,1.58
12,dominicks,122,8.219326094,0,1.58
12,dominicks,123,9.182763604,0,1.58
12,dominicks,124,10.09905434,0,1.58
12,dominicks,125,11.59195843,0,1.58
12,dominicks,126,10.28575227,0,1.58
12,dominicks,127,9.84585844,0,1.58
12,dominicks,129,10.08313888,0,1.58
12,dominicks,130,11.2355369,1,1.58
12,dominicks,131,9.711842668,0,1.58
12,dominicks,132,10.74367448,0,1.58
12,dominicks,133,9.107642974,0,1.58
12,dominicks,134,7.943072717,0,1.58
12,dominicks,135,10.13523399,0,1.58
12,dominicks,136,11.51452419,1,1.29
12,dominicks,137,9.996613531,0,1.29
12,dominicks,138,9.426741242,0,1.99
12,dominicks,139,9.078864009,0,1.99
12,dominicks,140,8.363575703,0,2.09
12,dominicks,141,10.17504024,0,1.69
12,dominicks,142,11.41093704,0,1.69
12,dominicks,143,10.64808802,0,1.69
12,dominicks,144,10.02251426,0,2.09
12,dominicks,145,8.184234774,0,2.09
12,dominicks,146,9.618468598,0,1.99
12,dominicks,147,9.400630098,0,1.99
12,dominicks,148,8.60153434,0,1.29
12,dominicks,149,9.66827142,0,2.09
12,dominicks,150,9.895455381,0,1.69
12,dominicks,151,11.15647907,1,1.49
12,dominicks,152,9.276876896,1,1.99
12,dominicks,153,8.733594062,0,2.09
12,dominicks,154,8.363575703,0,1.89
12,dominicks,155,10.30306872,0,1.29
12,dominicks,156,8.184234774,0,2.09
12,dominicks,157,8.30201781,0,2.09
12,dominicks,158,8.691482577,0,2.09
12,dominicks,159,11.202043,0,1.49
12,dominicks,160,9.631153757,0,2.09